Workbook

Sheet Config
A1: Parameter | B1: Value | C1: Description
A2: Rounding step | B2: 5e-06 | C2: ← Change this. Prices are rounded to the nearest multiple. Default 0.000005. Set to 0 for no rounding.
A3: Delta (%) | B3: 1 | C3: Geometric step per canonical tick, in percent.
A4: MAX_TICK | B4: 2600 | C4: Highest canonical tick index.
A5: Midpoint | B5: =B4/2 | C5: (derived) Half of MAX_TICK.

Sheet All Ticks
A1: Tick | B1: Raw Price | C1: Rounded Price | D1: Implied Rate (%) | E1: Lvl 0 (÷8) | F1: Lvl 1 (÷4) | G1: Lvl 2 (÷2) | H1: Lvl 3 (all) | I1: Finest Level | K1: Legend
A2: 0 | B2: =1/(1+(1+Config!$B$3/100)^(Config!$B$5-A2)) | C2: =IF(Config!$B$2=0,B2,ROUND(B2/Config!$B$2,0)*Config!$B$2) | D2: =IF(C2>0,(1/C2-1)*100,"∞") | E2: ✓ | F2: ✓ | G2: ✓ | H2: ✓ | I2: 0 | K2: Level 0 — every 8th tick (~8.3%)
A3: 1 | B3: =1/(1+(1+Config!$B$3/100)^(Config!$B$5-A3)) | C3: =IF(Config!$B$2=0,B3,ROUND(B3/Config!$B$2,0)*Config!$B$2) | D3: =IF(C3>0,(1/C3-1)*100,"∞") | H3: ✓ | I3: 3 | K3: Level 1 — every 4th tick (~4.1%)
A4: 2 | B4: =1/(1+(1+Config!$B$3/100)^(Config!$B$5-A4)) | C4: =IF(Config!$B$2=0,B4,ROUND(B4/Config!$B$2,0)*Config!$B$2) | D4: =IF(C4>0,(1/C4-1)*100,"∞") | G4: ✓ | H4: ✓ | I4: 2 | K4: Level 2 — every 2nd tick (~2.0%)
A5: 3 | B5: =1/(1+(1+Config!$B$3/100)^(Config!$B$5-A5)) | C5: =IF(Config!$B$2=0,B5,ROUND(B5/Config!$B$2,0)*Config!$B$2) | D5: =IF(C5>0,(1/C5-1)*100,"∞") | H5: ✓ | I5: 3 | K5: Level 3 — every tick (~1.0%)
A6: 4 | B6: =1/(1+(1+Config!$B$3/100)^(Config!$B$5-A6)) | C6: =IF(Config!$B$2=0,B6,ROUND(B6/Config!$B$2,0)*Config!$B$2) | D6: =IF(C6>0,(1/C6-1)*100,"∞") | F6: ✓ | G6: ✓ | H6: ✓ | I6: 1
A7: 5 | B7: =1/(1+(1+Config!$B$3/100)^(Config!$B$5-A7)) | C7: =IF(Config!$B$2=0,B7,ROUND(B7/Config!$B$2,0)*Config!$B$2) | D7: =IF(C7>0,(1/C7-1)*100,"∞") | H7: ✓ | I7: 3
A8: 6 | B8: =1/(1+(1+Config!$B$3/100)^(Config!$B$5-A8)) | C8: =IF(Config!$B$2=0,B8,ROUND(B8/Config!$B$2,0)*Config!$B$2) | D8: =IF(C8>0,(1/C8-1)*100,"∞") | G8: ✓ | H8: ✓ | I8: 2
A9: 7 | B9: =1/(1+(1+Config!$B$3/100)^(Config!$B$5-A9)) | C9: =IF(Config!$B$2=0,B9,ROUND(B9/Config!$B$2,0)*Config!$B$2) | D9: =IF(C9>0,(1/C9-1)*100,"∞") | H9: ✓ | I9: 3
A10: 8 | B10: =1/(1+(1+Config!$B$3/100)^(Config!$B$5-A10)) | C10: =IF(Config!$B$2=0,B10,ROUND(B10/Config!$B$2,0)*Config!$B$2) | D10: =IF(C10>0,(1/C10-1)*100,"∞") | E10: ✓ | F10: ✓ | G10: ✓ | H10: ✓ | I10: 0
A11: 9 | B11: =1/(1+(1+Config!$B$3/100)^(Config!$B$5-A11)) | C11: =IF(Config!$B$2=0,B11,ROUND(B11/Config!$B$2,0)*Config!$B$2) | D11: =IF(C11>0,(1/C11-1)*100,"∞") | H11: ✓ | I11: 3
A12: 10 | B12: =1/(1+(1+Config!$B$3/100)^(Config!$B$5-A12)) | C12: =IF(Config!$B$2=0,B12,ROUND(B12/Config!$B$2,0)*Config!$B$2) | D12: =IF(C12>0,(1/C12-1)*100,"∞") | G12: ✓ | H12: ✓ | I12: 2
A13: 11 | B13: =1/(1+(1+Config!$B$3/100)^(Config!$B$5-A13)) | C13: =IF(Config!$B$2=0,B13,ROUND(B13/Config!$B$2,0)*Config!$B$2) | D13: =IF(C13>0,(1/C13-1)*100,"∞") | H13: ✓ | I13: 3
A14: 12 | B14: =1/(1+(1+Config!$B$3/100)^(Config!$B$5-A14)) | C14: =IF(Config!$B$2=0,B14,ROUND(B14/Config!$B$2,0)*Config!$B$2) | D14: =IF(C14>0,(1/C14-1)*100,"∞") | F14: ✓ | G14: ✓ | H14: ✓ | I14: 1
A15: 13 | B15: =1/(1+(1+Config!$B$3/100)^(Config!$B$5-A15)) | C15: =IF(Config!$B$2=0,B15,ROUND(B15/Config!$B$2,0)*Config!$B$2) | D15: =IF(C15>0,(1/C15-1)*100,"∞") | H15: ✓ | I15: 3
A16: 14 | B16: =1/(1+(1+Config!$B$3/100)^(Config!$B$5-A16)) | C16: =IF(Config!$B$2=0,B16,ROUND(B16/Config!$B$2,0)*Config!$B$2) | D16: =IF(C16>0,(1/C16-1)*100,"∞") | G16: ✓ | H16: ✓ | I16: 2
A17: 15 | B17: =1/(1+(1+Config!$B$3/100)^(Config!$B$5-A17)) | C17: =IF(Config!$B$2=0,B17,ROUND(B17/Config!$B$2,0)*Config!$B$2) | D17: =IF(C17>0,(1/C17-1)*100,"∞") | H17: ✓ | I17: 3
A18: 16 | B18: =1/(1+(1+Config!$B$3/100)^(Config!$B$5-A18)) | C18: =IF(Config!$B$2=0,B18,ROUND(B18/Config!$B$2,0)*Config!$B$2) | D18: =IF(C18>0,(1/C18-1)*100,"∞") | E18: ✓ | F18: ✓ | G18: ✓ | H18: ✓ | I18: 0
A19: 17 | B19: =1/(1+(1+Config!$B$3/100)^(Config!$B$5-A19)) | C19: =IF(Config!$B$2=0,B19,ROUND(B19/Config!$B$2,0)*Config!$B$2) | D19: =IF(C19>0,(1/C19-1)*100,"∞") | H19: ✓ | I19: 3
A20: 18 | B20: =1/(1+(1+Config!$B$3/100)^(Config!$B$5-A20)) | C20: =IF(Config!$B$2=0,B20,ROUND(B20/Config!$B$2,0)*Config!$B$2) | D20: =IF(C20>0,(1/C20-1)*100,"∞") | G20: ✓ | H20: ✓ | I20: 2
A21: 19 | B21: =1/(1+(1+Config!$B$3/100)^(Config!$B$5-A21)) | C21: =IF(Config!$B$2=0,B21,ROUND(B21/Config!$B$2,0)*Config!$B$2) | D21: =IF(C21>0,(1/C21-1)*100,"∞") | H21: ✓ | I21: 3
A22: 20 | B22: =1/(1+(1+Config!$B$3/100)^(Config!$B$5-A22)) | C22: =IF(Config!$B$2=0,B22,ROUND(B22/Config!$B$2,0)*Config!$B$2) | D22: =IF(C22>0,(1/C22-1)*100,"∞") | F22: ✓ | G22: ✓ | H22: ✓ | I22: 1
A23: 21 | B23: =1/(1+(1+Config!$B$3/100)^(Config!$B$5-A23)) | C23: =IF(Config!$B$2=0,B23,ROUND(B23/Config!$B$2,0)*Config!$B$2) | D23: =IF(C23>0,(1/C23-1)*100,"∞") | H23: ✓ | I23: 3
A24: 22 | B24: =1/(1+(1+Config!$B$3/100)^(Config!$B$5-A24)) | C24: =IF(Config!$B$2=0,B24,ROUND(B24/Config!$B$2,0)*Config!$B$2) | D24: =IF(C24>0,(1/C24-1)*100,"∞") | G24: ✓ | H24: ✓ | I24: 2
A25: 23 | B25: =1/(1+(1+Config!$B$3/100)^(Config!$B$5-A25)) | C25: =IF(Config!$B$2=0,B25,ROUND(B25/Config!$B$2,0)*Config!$B$2) | D25: =IF(C25>0,(1/C25-1)*100,"∞") | H25: ✓ | I25: 3
A26: 24 | B26: =1/(1+(1+Config!$B$3/100)^(Config!$B$5-A26)) | C26: =IF(Config!$B$2=0,B26,ROUND(B26/Config!$B$2,0)*Config!$B$2) | D26: =IF(C26>0,(1/C26-1)*100,"∞") | E26: ✓ | F26: ✓ | G26: ✓ | H26: ✓ | I26: 0
A27: 25 | B27: =1/(1+(1+Config!$B$3/100)^(Config!$B$5-A27)) | C27: =IF(Config!$B$2=0,B27,ROUND(B27/Config!$B$2,0)*Config!$B$2) | D27: =IF(C27>0,(1/C27-1)*100,"∞") | H27: ✓ | I27: 3
A28: 26 | B28: =1/(1+(1+Config!$B$3/100)^(Config!$B$5-A28)) | C28: =IF(Config!$B$2=0,B28,ROUND(B28/Config!$B$2,0)*Config!$B$2) | D28: =IF(C28>0,(1/C28-1)*100,"∞") | G28: ✓ | H28: ✓ | I28: 2
A29: 27 | B29: =1/(1+(1+Config!$B$3/100)^(Config!$B$5-A29)) | C29: =IF(Config!$B$2=0,B29,ROUND(B29/Config!$B$2,0)*Config!$B$2) | D29: =IF(C29>0,(1/C29-1)*100,"∞") | H29: ✓ | I29: 3
A30: 28 | B30: =1/(1+(1+Config!$B$3/100)^(Config!$B$5-A30)) | C30: =IF(Config!$B$2=0,B30,ROUND(B30/Config!$B$2,0)*Config!$B$2) | D30: =IF(C30>0,(1/C30-1)*100,"∞") | F30: ✓ | G30: ✓ | H30: ✓ | I30: 1
A31: 29 | B31: =1/(1+(1+Config!$B$3/100)^(Config!$B$5-A31)) | C31: =IF(Config!$B$2=0,B31,ROUND(B31/Config!$B$2,0)*Config!$B$2) | D31: =IF(C31>0,(1/C31-1)*100,"∞") | H31: ✓ | I31: 3
A32: 30 | B32: =1/(1+(1+Config!$B$3/100)^(Config!$B$5-A32)) | C32: =IF(Config!$B$2=0,B32,ROUND(B32/Config!$B$2,0)*Config!$B$2) | D32: =IF(C32>0,(1/C32-1)*100,"∞") | G32: ✓ | H32: ✓ | I32: 2
A33: 31 | B33: =1/(1+(1+Config!$B$3/100)^(Config!$B$5-A33)) | C33: =IF(Config!$B$2=0,B33,ROUND(B33/Config!$B$2,0)*Config!$B$2) | D33: =IF(C33>0,(1/C33-1)*100,"∞") | H33: ✓ | I33: 3
A34: 32 | B34: =1/(1+(1+Config!$B$3/100)^(Config!$B$5-A34)) | C34: =IF(Config!$B$2=0,B34,ROUND(B34/Config!$B$2,0)*Config!$B$2) | D34: =IF(C34>0,(1/C34-1)*100,"∞") | E34: ✓ | F34: ✓ | G34: ✓ | H34: ✓ | I34: 0
A35: 33 | B35: =1/(1+(1+Config!$B$3/100)^(Config!$B$5-A35)) | C35: =IF(Config!$B$2=0,B35,ROUND(B35/Config!$B$2,0)*Config!$B$2) | D35: =IF(C35>0,(1/C35-1)*100,"∞") | H35: ✓ | I35: 3
A36: 34 | B36: =1/(1+(1+Config!$B$3/100)^(Config!$B$5-A36)) | C36: =IF(Config!$B$2=0,B36,ROUND(B36/Config!$B$2,0)*Config!$B$2) | D36: =IF(C36>0,(1/C36-1)*100,"∞") | G36: ✓ | H36: ✓ | I36: 2
A37: 35 | B37: =1/(1+(1+Config!$B$3/100)^(Config!$B$5-A37)) | C37: =IF(Config!$B$2=0,B37,ROUND(B37/Config!$B$2,0)*Config!$B$2) | D37: =IF(C37>0,(1/C37-1)*100,"∞") | H37: ✓ | I37: 3
A38: 36 | B38: =1/(1+(1+Config!$B$3/100)^(Config!$B$5-A38)) | C38: =IF(Config!$B$2=0,B38,ROUND(B38/Config!$B$2,0)*Config!$B$2) | D38: =IF(C38>0,(1/C38-1)*100,"∞") | F38: ✓ | G38: ✓ | H38: ✓ | I38: 1
A39: 37 | B39: =1/(1+(1+Config!$B$3/100)^(Config!$B$5-A39)) | C39: =IF(Config!$B$2=0,B39,ROUND(B39/Config!$B$2,0)*Config!$B$2) | D39: =IF(C39>0,(1/C39-1)*100,"∞") | H39: ✓ | I39: 3
A40: 38 | B40: =1/(1+(1+Config!$B$3/100)^(Config!$B$5-A40)) | C40: =IF(Config!$B$2=0,B40,ROUND(B40/Config!$B$2,0)*Config!$B$2) | D40: =IF(C40>0,(1/C40-1)*100,"∞") | G40: ✓ | H40: ✓ | I40: 2
A41: 39 | B41: =1/(1+(1+Config!$B$3/100)^(Config!$B$5-A41)) | C41: =IF(Config!$B$2=0,B41,ROUND(B41/Config!$B$2,0)*Config!$B$2) | D41: =IF(C41>0,(1/C41-1)*100,"∞") | H41: ✓ | I41: 3
A42: 40 | B42: =1/(1+(1+Config!$B$3/100)^(Config!$B$5-A42)) | C42: =IF(Config!$B$2=0,B42,ROUND(B42/Config!$B$2,0)*Config!$B$2) | D42: =IF(C42>0,(1/C42-1)*100,"∞") | E42: ✓ | F42: ✓ | G42: ✓ | H42: ✓ | I42: 0
A43: 41 | B43: =1/(1+(1+Config!$B$3/100)^(Config!$B$5-A43)) | C43: =IF(Config!$B$2=0,B43,ROUND(B43/Config!$B$2,0)*Config!$B$2) | D43: =IF(C43>0,(1/C43-1)*100,"∞") | H43: ✓ | I43: 3
A44: 42 | B44: =1/(1+(1+Config!$B$3/100)^(Config!$B$5-A44)) | C44: =IF(Config!$B$2=0,B44,ROUND(B44/Config!$B$2,0)*Config!$B$2) | D44: =IF(C44>0,(1/C44-1)*100,"∞") | G44: ✓ | H44: ✓ | I44: 2
A45: 43 | B45: =1/(1+(1+Config!$B$3/100)^(Config!$B$5-A45)) | C45: =IF(Config!$B$2=0,B45,ROUND(B45/Config!$B$2,0)*Config!$B$2) | D45: =IF(C45>0,(1/C45-1)*100,"∞") | H45: ✓ | I45: 3
A46: 44 | B46: =1/(1+(1+Config!$B$3/100)^(Config!$B$5-A46)) | C46: =IF(Config!$B$2=0,B46,ROUND(B46/Config!$B$2,0)*Config!$B$2) | D46: =IF(C46>0,(1/C46-1)*100,"∞") | F46: ✓ | G46: ✓ | H46: ✓ | I46: 1
A47: 45 | B47: =1/(1+(1+Config!$B$3/100)^(Config!$B$5-A47)) | C47: =IF(Config!$B$2=0,B47,ROUND(B47/Config!$B$2,0)*Config!$B$2) | D47: =IF(C47>0,(1/C47-1)*100,"∞") | H47: ✓ | I47: 3
A48: 46 | B48: =1/(1+(1+Config!$B$3/100)^(Config!$B$5-A48)) | C48: =IF(Config!$B$2=0,B48,ROUND(B48/Config!$B$2,0)*Config!$B$2) | D48: =IF(C48>0,(1/C48-1)*100,"∞") | G48: ✓ | H48: ✓ | I48: 2
A49: 47 | B49: =1/(1+(1+Config!$B$3/100)^(Config!$B$5-A49)) | C49: =IF(Config!$B$2=0,B49,ROUND(B49/Config!$B$2,0)*Config!$B$2) | D49: =IF(C49>0,(1/C49-1)*100,"∞") | H49: ✓ | I49: 3
A50: 48 | B50: =1/(1+(1+Config!$B$3/100)^(Config!$B$5-A50)) | C50: =IF(Config!$B$2=0,B50,ROUND(B50/Config!$B$2,0)*Config!$B$2) | D50: =IF(C50>0,(1/C50-1)*100,"∞") | E50: ✓ | F50: ✓ | G50: ✓ | H50: ✓ | I50: 0
A51: 49 | B51: =1/(1+(1+Config!$B$3/100)^(Config!$B$5-A51)) | C51: =IF(Config!$B$2=0,B51,ROUND(B51/Config!$B$2,0)*Config!$B$2) | D51: =IF(C51>0,(1/C51-1)*100,"∞") | H51: ✓ | I51: 3
A52: 50 | B52: =1/(1+(1+Config!$B$3/100)^(Config!$B$5-A52)) | C52: =IF(Config!$B$2=0,B52,ROUND(B52/Config!$B$2,0)*Config!$B$2) | D52: =IF(C52>0,(1/C52-1)*100,"∞") | G52: ✓ | H52: ✓ | I52: 2
A53: 51 | B53: =1/(1+(1+Config!$B$3/100)^(Config!$B$5-A53)) | C53: =IF(Config!$B$2=0,B53,ROUND(B53/Config!$B$2,0)*Config!$B$2) | D53: =IF(C53>0,(1/C53-1)*100,"∞") | H53: ✓ | I53: 3
A54: 52 | B54: =1/(1+(1+Config!$B$3/100)^(Config!$B$5-A54)) | C54: =IF(Config!$B$2=0,B54,ROUND(B54/Config!$B$2,0)*Config!$B$2) | D54: =IF(C54>0,(1/C54-1)*100,"∞") | F54: ✓ | G54: ✓ | H54: ✓ | I54: 1
A55: 53 | B55: =1/(1+(1+Config!$B$3/100)^(Config!$B$5-A55)) | C55: =IF(Config!$B$2=0,B55,ROUND(B55/Config!$B$2,0)*Config!$B$2) | D55: =IF(C55>0,(1/C55-1)*100,"∞") | H55: ✓ | I55: 3
A56: 54 | B56: =1/(1+(1+Config!$B$3/100)^(Config!$B$5-A56)) | C56: =IF(Config!$B$2=0,B56,ROUND(B56/Config!$B$2,0)*Config!$B$2) | D56: =IF(C56>0,(1/C56-1)*100,"∞") | G56: ✓ | H56: ✓ | I56: 2
A57: 55 | B57: =1/(1+(1+Config!$B$3/100)^(Config!$B$5-A57)) | C57: =IF(Config!$B$2=0,B57,ROUND(B57/Config!$B$2,0)*Config!$B$2) | D57: =IF(C57>0,(1/C57-1)*100,"∞") | H57: ✓ | I57: 3
A58: 56 | B58: =1/(1+(1+Config!$B$3/100)^(Config!$B$5-A58)) | C58: =IF(Config!$B$2=0,B58,ROUND(B58/Config!$B$2,0)*Config!$B$2) | D58: =IF(C58>0,(1/C58-1)*100,"∞") | E58: ✓ | F58: ✓ | G58: ✓ | H58: ✓ | I58: 0
A59: 57 | B59: =1/(1+(1+Config!$B$3/100)^(Config!$B$5-A59)) | C59: =IF(Config!$B$2=0,B59,ROUND(B59/Config!$B$2,0)*Config!$B$2) | D59: =IF(C59>0,(1/C59-1)*100,"∞") | H59: ✓ | I59: 3
A60: 58 | B60: =1/(1+(1+Config!$B$3/100)^(Config!$B$5-A60)) | C60: =IF(Config!$B$2=0,B60,ROUND(B60/Config!$B$2,0)*Config!$B$2) | D60: =IF(C60>0,(1/C60-1)*100,"∞") | G60: ✓ | H60: ✓ | I60: 2
A61: 59 | B61: =1/(1+(1+Config!$B$3/100)^(Config!$B$5-A61)) | C61: =IF(Config!$B$2=0,B61,ROUND(B61/Config!$B$2,0)*Config!$B$2) | D61: =IF(C61>0,(1/C61-1)*100,"∞") | H61: ✓ | I61: 3
A62: 60 | B62: =1/(1+(1+Config!$B$3/100)^(Config!$B$5-A62)) | C62: =IF(Config!$B$2=0,B62,ROUND(B62/Config!$B$2,0)*Config!$B$2) | D62: =IF(C62>0,(1/C62-1)*100,"∞") | F62: ✓ | G62: ✓ | H62: ✓ | I62: 1
A63: 61 | B63: =1/(1+(1+Config!$B$3/100)^(Config!$B$5-A63)) | C63: =IF(Config!$B$2=0,B63,ROUND(B63/Config!$B$2,0)*Config!$B$2) | D63: =IF(C63>0,(1/C63-1)*100,"∞") | H63: ✓ | I63: 3
A64: 62 | B64: =1/(1+(1+Config!$B$3/100)^(Config!$B$5-A64)) | C64: =IF(Config!$B$2=0,B64,ROUND(B64/Config!$B$2,0)*Config!$B$2) | D64: =IF(C64>0,(1/C64-1)*100,"∞") | G64: ✓ | H64: ✓ | I64: 2
A65: 63 | B65: =1/(1+(1+Config!$B$3/100)^(Config!$B$5-A65)) | C65: =IF(Config!$B$2=0,B65,ROUND(B65/Config!$B$2,0)*Config!$B$2) | D65: =IF(C65>0,(1/C65-1)*100,"∞") | H65: ✓ | I65: 3
A66: 64 | B66: =1/(1+(1+Config!$B$3/100)^(Config!$B$5-A66)) | C66: =IF(Config!$B$2=0,B66,ROUND(B66/Config!$B$2,0)*Config!$B$2) | D66: =IF(C66>0,(1/C66-1)*100,"∞") | E66: ✓ | F66: ✓ | G66: ✓ | H66: ✓ | I66: 0
A67: 65 | B67: =1/(1+(1+Config!$B$3/100)^(Config!$B$5-A67)) | C67: =IF(Config!$B$2=0,B67,ROUND(B67/Config!$B$2,0)*Config!$B$2) | D67: =IF(C67>0,(1/C67-1)*100,"∞") | H67: ✓ | I67: 3
A68: 66 | B68: =1/(1+(1+Config!$B$3/100)^(Config!$B$5-A68)) | C68: =IF(Config!$B$2=0,B68,ROUND(B68/Config!$B$2,0)*Config!$B$2) | D68: =IF(C68>0,(1/C68-1)*100,"∞") | G68: ✓ | H68: ✓ | I68: 2
A69: 67 | B69: =1/(1+(1+Config!$B$3/100)^(Config!$B$5-A69)) | C69: =IF(Config!$B$2=0,B69,ROUND(B69/Config!$B$2,0)*Config!$B$2) | D69: =IF(C69>0,(1/C69-1)*100,"∞") | H69: ✓ | I69: 3
A70: 68 | B70: =1/(1+(1+Config!$B$3/100)^(Config!$B$5-A70)) | C70: =IF(Config!$B$2=0,B70,ROUND(B70/Config!$B$2,0)*Config!$B$2) | D70: =IF(C70>0,(1/C70-1)*100,"∞") | F70: ✓ | G70: ✓ | H70: ✓ | I70: 1
A71: 69 | B71: =1/(1+(1+Config!$B$3/100)^(Config!$B$5-A71)) | C71: =IF(Config!$B$2=0,B71,ROUND(B71/Config!$B$2,0)*Config!$B$2) | D71: =IF(C71>0,(1/C71-1)*100,"∞") | H71: ✓ | I71: 3
A72: 70 | B72: =1/(1+(1+Config!$B$3/100)^(Config!$B$5-A72)) | C72: =IF(Config!$B$2=0,B72,ROUND(B72/Config!$B$2,0)*Config!$B$2) | D72: =IF(C72>0,(1/C72-1)*100,"∞") | G72: ✓ | H72: ✓ | I72: 2
A73: 71 | B73: =1/(1+(1+Config!$B$3/100)^(Config!$B$5-A73)) | C73: =IF(Config!$B$2=0,B73,ROUND(B73/Config!$B$2,0)*Config!$B$2) | D73: =IF(C73>0,(1/C73-1)*100,"∞") | H73: ✓ | I73: 3
A74: 72 | B74: =1/(1+(1+Config!$B$3/100)^(Config!$B$5-A74)) | C74: =IF(Config!$B$2=0,B74,ROUND(B74/Config!$B$2,0)*Config!$B$2) | D74: =IF(C74>0,(1/C74-1)*100,"∞") | E74: ✓ | F74: ✓ | G74: ✓ | H74: ✓ | I74: 0
A75: 73 | B75: =1/(1+(1+Config!$B$3/100)^(Config!$B$5-A75)) | C75: =IF(Config!$B$2=0,B75,ROUND(B75/Config!$B$2,0)*Config!$B$2) | D75: =IF(C75>0,(1/C75-1)*100,"∞") | H75: ✓ | I75: 3
A76: 74 | B76: =1/(1+(1+Config!$B$3/100)^(Config!$B$5-A76)) | C76: =IF(Config!$B$2=0,B76,ROUND(B76/Config!$B$2,0)*Config!$B$2) | D76: =IF(C76>0,(1/C76-1)*100,"∞") | G76: ✓ | H76: ✓ | I76: 2
A77: 75 | B77: =1/(1+(1+Config!$B$3/100)^(Config!$B$5-A77)) | C77: =IF(Config!$B$2=0,B77,ROUND(B77/Config!$B$2,0)*Config!$B$2) | D77: =IF(C77>0,(1/C77-1)*100,"∞") | H77: ✓ | I77: 3
A78: 76 | B78: =1/(1+(1+Config!$B$3/100)^(Config!$B$5-A78)) | C78: =IF(Config!$B$2=0,B78,ROUND(B78/Config!$B$2,0)*Config!$B$2) | D78: =IF(C78>0,(1/C78-1)*100,"∞") | F78: ✓ | G78: ✓ | H78: ✓ | I78: 1
A79: 77 | B79: =1/(1+(1+Config!$B$3/100)^(Config!$B$5-A79)) | C79: =IF(Config!$B$2=0,B79,ROUND(B79/Config!$B$2,0)*Config!$B$2) | D79: =IF(C79>0,(1/C79-1)*100,"∞") | H79: ✓ | I79: 3
A80: 78 | B80: =1/(1+(1+Config!$B$3/100)^(Config!$B$5-A80)) | C80: =IF(Config!$B$2=0,B80,ROUND(B80/Config!$B$2,0)*Config!$B$2) | D80: =IF(C80>0,(1/C80-1)*100,"∞") | G80: ✓ | H80: ✓ | I80: 2
A81: 79 | B81: =1/(1+(1+Config!$B$3/100)^(Config!$B$5-A81)) | C81: =IF(Config!$B$2=0,B81,ROUND(B81/Config!$B$2,0)*Config!$B$2) | D81: =IF(C81>0,(1/C81-1)*100,"∞") | H81: ✓ | I81: 3
A82: 80 | B82: =1/(1+(1+Config!$B$3/100)^(Config!$B$5-A82)) | C82: =IF(Config!$B$2=0,B82,ROUND(B82/Config!$B$2,0)*Config!$B$2) | D82: =IF(C82>0,(1/C82-1)*100,"∞") | E82: ✓ | F82: ✓ | G82: ✓ | H82: ✓ | I82: 0
A83: 81 | B83: =1/(1+(1+Config!$B$3/100)^(Config!$B$5-A83)) | C83: =IF(Config!$B$2=0,B83,ROUND(B83/Config!$B$2,0)*Config!$B$2) | D83: =IF(C83>0,(1/C83-1)*100,"∞") | H83: ✓ | I83: 3
A84: 82 | B84: =1/(1+(1+Config!$B$3/100)^(Config!$B$5-A84)) | C84: =IF(Config!$B$2=0,B84,ROUND(B84/Config!$B$2,0)*Config!$B$2) | D84: =IF(C84>0,(1/C84-1)*100,"∞") | G84: ✓ | H84: ✓ | I84: 2
A85: 83 | B85: =1/(1+(1+Config!$B$3/100)^(Config!$B$5-A85)) | C85: =IF(Config!$B$2=0,B85,ROUND(B85/Config!$B$2,0)*Config!$B$2) | D85: =IF(C85>0,(1/C85-1)*100,"∞") | H85: ✓ | I85: 3
A86: 84 | B86: =1/(1+(1+Config!$B$3/100)^(Config!$B$5-A86)) | C86: =IF(Config!$B$2=0,B86,ROUND(B86/Config!$B$2,0)*Config!$B$2) | D86: =IF(C86>0,(1/C86-1)*100,"∞") | F86: ✓ | G86: ✓ | H86: ✓ | I86: 1
A87: 85 | B87: =1/(1+(1+Config!$B$3/100)^(Config!$B$5-A87)) | C87: =IF(Config!$B$2=0,B87,ROUND(B87/Config!$B$2,0)*Config!$B$2) | D87: =IF(C87>0,(1/C87-1)*100,"∞") | H87: ✓ | I87: 3
A88: 86 | B88: =1/(1+(1+Config!$B$3/100)^(Config!$B$5-A88)) | C88: =IF(Config!$B$2=0,B88,ROUND(B88/Config!$B$2,0)*Config!$B$2) | D88: =IF(C88>0,(1/C88-1)*100,"∞") | G88: ✓ | H88: ✓ | I88: 2
A89: 87 | B89: =1/(1+(1+Config!$B$3/100)^(Config!$B$5-A89)) | C89: =IF(Config!$B$2=0,B89,ROUND(B89/Config!$B$2,0)*Config!$B$2) | D89: =IF(C89>0,(1/C89-1)*100,"∞") | H89: ✓ | I89: 3
A90: 88 | B90: =1/(1+(1+Config!$B$3/100)^(Config!$B$5-A90)) | C90: =IF(Config!$B$2=0,B90,ROUND(B90/Config!$B$2,0)*Config!$B$2) | D90: =IF(C90>0,(1/C90-1)*100,"∞") | E90: ✓ | F90: ✓ | G90: ✓ | H90: ✓ | I90: 0
A91: 89 | B91: =1/(1+(1+Config!$B$3/100)^(Config!$B$5-A91)) | C91: =IF(Config!$B$2=0,B91,ROUND(B91/Config!$B$2,0)*Config!$B$2) | D91: =IF(C91>0,(1/C91-1)*100,"∞") | H91: ✓ | I91: 3
A92: 90 | B92: =1/(1+(1+Config!$B$3/100)^(Config!$B$5-A92)) | C92: =IF(Config!$B$2=0,B92,ROUND(B92/Config!$B$2,0)*Config!$B$2) | D92: =IF(C92>0,(1/C92-1)*100,"∞") | G92: ✓ | H92: ✓ | I92: 2
A93: 91 | B93: =1/(1+(1+Config!$B$3/100)^(Config!$B$5-A93)) | C93: =IF(Config!$B$2=0,B93,ROUND(B93/Config!$B$2,0)*Config!$B$2) | D93: =IF(C93>0,(1/C93-1)*100,"∞") | H93: ✓ | I93: 3
A94: 92 | B94: =1/(1+(1+Config!$B$3/100)^(Config!$B$5-A94)) | C94: =IF(Config!$B$2=0,B94,ROUND(B94/Config!$B$2,0)*Config!$B$2) | D94: =IF(C94>0,(1/C94-1)*100,"∞") | F94: ✓ | G94: ✓ | H94: ✓ | I94: 1
A95: 93 | B95: =1/(1+(1+Config!$B$3/100)^(Config!$B$5-A95)) | C95: =IF(Config!$B$2=0,B95,ROUND(B95/Config!$B$2,0)*Config!$B$2) | D95: =IF(C95>0,(1/C95-1)*100,"∞") | H95: ✓ | I95: 3
A96: 94 | B96: =1/(1+(1+Config!$B$3/100)^(Config!$B$5-A96)) | C96: =IF(Config!$B$2=0,B96,ROUND(B96/Config!$B$2,0)*Config!$B$2) | D96: =IF(C96>0,(1/C96-1)*100,"∞") | G96: ✓ | H96: ✓ | I96: 2
A97: 95 | B97: =1/(1+(1+Config!$B$3/100)^(Config!$B$5-A97)) | C97: =IF(Config!$B$2=0,B97,ROUND(B97/Config!$B$2,0)*Config!$B$2) | D97: =IF(C97>0,(1/C97-1)*100,"∞") | H97: ✓ | I97: 3
A98: 96 | B98: =1/(1+(1+Config!$B$3/100)^(Config!$B$5-A98)) | C98: =IF(Config!$B$2=0,B98,ROUND(B98/Config!$B$2,0)*Config!$B$2) | D98: =IF(C98>0,(1/C98-1)*100,"∞") | E98: ✓ | F98: ✓ | G98: ✓ | H98: ✓ | I98: 0
A99: 97 | B99: =1/(1+(1+Config!$B$3/100)^(Config!$B$5-A99)) | C99: =IF(Config!$B$2=0,B99,ROUND(B99/Config!$B$2,0)*Config!$B$2) | D99: =IF(C99>0,(1/C99-1)*100,"∞") | H99: ✓ | I99: 3
A100: 98 | B100: =1/(1+(1+Config!$B$3/100)^(Config!$B$5-A100)) | C100: =IF(Config!$B$2=0,B100,ROUND(B100/Config!$B$2,0)*Config!$B$2) | D100: =IF(C100>0,(1/C100-1)*100,"∞") | G100: ✓ | H100: ✓ | I100: 2
...

Sheet Level 0 (÷8)
A1: Tick | B1: Raw Price | C1: Rounded Price | D1: Implied Rate (%) | E1: Rate Step vs Prev (%)
A2: 0 | B2: =1/(1+(1+Config!$B$3/100)^(Config!$B$5-A2)) | C2: =IF(Config!$B$2=0,B2,ROUND(B2/Config!$B$2,0)*Config!$B$2) | D2: =IF(C2>0,(1/C2-1)*100,"∞")
A3: 8 | B3: =1/(1+(1+Config!$B$3/100)^(Config!$B$5-A3)) | C3: =IF(Config!$B$2=0,B3,ROUND(B3/Config!$B$2,0)*Config!$B$2) | D3: =IF(C3>0,(1/C3-1)*100,"∞") | E3: =IF(AND(D2<>"∞",D3<>"∞",D3>0),(D2/D3-1)*100,"")
A4: 16 | B4: =1/(1+(1+Config!$B$3/100)^(Config!$B$5-A4)) | C4: =IF(Config!$B$2=0,B4,ROUND(B4/Config!$B$2,0)*Config!$B$2) | D4: =IF(C4>0,(1/C4-1)*100,"∞") | E4: =IF(AND(D3<>"∞",D4<>"∞",D4>0),(D3/D4-1)*100,"")
A5: 24 | B5: =1/(1+(1+Config!$B$3/100)^(Config!$B$5-A5)) | C5: =IF(Config!$B$2=0,B5,ROUND(B5/Config!$B$2,0)*Config!$B$2) | D5: =IF(C5>0,(1/C5-1)*100,"∞") | E5: =IF(AND(D4<>"∞",D5<>"∞",D5>0),(D4/D5-1)*100,"")
A6: 32 | B6: =1/(1+(1+Config!$B$3/100)^(Config!$B$5-A6)) | C6: =IF(Config!$B$2=0,B6,ROUND(B6/Config!$B$2,0)*Config!$B$2) | D6: =IF(C6>0,(1/C6-1)*100,"∞") | E6: =IF(AND(D5<>"∞",D6<>"∞",D6>0),(D5/D6-1)*100,"")
A7: 40 | B7: =1/(1+(1+Config!$B$3/100)^(Config!$B$5-A7)) | C7: =IF(Config!$B$2=0,B7,ROUND(B7/Config!$B$2,0)*Config!$B$2) | D7: =IF(C7>0,(1/C7-1)*100,"∞") | E7: =IF(AND(D6<>"∞",D7<>"∞",D7>0),(D6/D7-1)*100,"")
A8: 48 | B8: =1/(1+(1+Config!$B$3/100)^(Config!$B$5-A8)) | C8: =IF(Config!$B$2=0,B8,ROUND(B8/Config!$B$2,0)*Config!$B$2) | D8: =IF(C8>0,(1/C8-1)*100,"∞") | E8: =IF(AND(D7<>"∞",D8<>"∞",D8>0),(D7/D8-1)*100,"")
A9: 56 | B9: =1/(1+(1+Config!$B$3/100)^(Config!$B$5-A9)) | C9: =IF(Config!$B$2=0,B9,ROUND(B9/Config!$B$2,0)*Config!$B$2) | D9: =IF(C9>0,(1/C9-1)*100,"∞") | E9: =IF(AND(D8<>"∞",D9<>"∞",D9>0),(D8/D9-1)*100,"")
A10: 64 | B10: =1/(1+(1+Config!$B$3/100)^(Config!$B$5-A10)) | C10: =IF(Config!$B$2=0,B10,ROUND(B10/Config!$B$2,0)*Config!$B$2) | D10: =IF(C10>0,(1/C10-1)*100,"∞") | E10: =IF(AND(D9<>"∞",D10<>"∞",D10>0),(D9/D10-1)*100,"")
A11: 72 | B11: =1/(1+(1+Config!$B$3/100)^(Config!$B$5-A11)) | C11: =IF(Config!$B$2=0,B11,ROUND(B11/Config!$B$2,0)*Config!$B$2) | D11: =IF(C11>0,(1/C11-1)*100,"∞") | E11: =IF(AND(D10<>"∞",D11<>"∞",D11>0),(D10/D11-1)*100,"")
A12: 80 | B12: =1/(1+(1+Config!$B$3/100)^(Config!$B$5-A12)) | C12: =IF(Config!$B$2=0,B12,ROUND(B12/Config!$B$2,0)*Config!$B$2) | D12: =IF(C12>0,(1/C12-1)*100,"∞") | E12: =IF(AND(D11<>"∞",D12<>"∞",D12>0),(D11/D12-1)*100,"")
A13: 88 | B13: =1/(1+(1+Config!$B$3/100)^(Config!$B$5-A13)) | C13: =IF(Config!$B$2=0,B13,ROUND(B13/Config!$B$2,0)*Config!$B$2) | D13: =IF(C13>0,(1/C13-1)*100,"∞") | E13: =IF(AND(D12<>"∞",D13<>"∞",D13>0),(D12/D13-1)*100,"")
A14: 96 | B14: =1/(1+(1+Config!$B$3/100)^(Config!$B$5-A14)) | C14: =IF(Config!$B$2=0,B14,ROUND(B14/Config!$B$2,0)*Config!$B$2) | D14: =IF(C14>0,(1/C14-1)*100,"∞") | E14: =IF(AND(D13<>"∞",D14<>"∞",D14>0),(D13/D14-1)*100,"")
... A327: 2600 | B327: =1/(1+(1+Config!$B$3/100)^(Config!$B$5-A327)) | C327: =IF(Config!$B$2=0,B327,ROUND(B327/Config!$B$2,0)*Config!$B$2) | D327: =IF(C327>0,(1/C327-1)*100,"∞") | E327: =IF(AND(D326<>"∞",D327<>"∞",D327>0),(D326/D327-1)*100,"")

Sheet Level 1 (÷4)
A1: Tick | B1: Raw Price | C1: Rounded Price | D1: Implied Rate (%) | E1: Rate Step vs Prev (%)
A2: 0 | B2: =1/(1+(1+Config!$B$3/100)^(Config!$B$5-A2)) | C2: =IF(Config!$B$2=0,B2,ROUND(B2/Config!$B$2,0)*Config!$B$2) | D2: =IF(C2>0,(1/C2-1)*100,"∞")
A3: 4 | B3: =1/(1+(1+Config!$B$3/100)^(Config!$B$5-A3)) | C3: =IF(Config!$B$2=0,B3,ROUND(B3/Config!$B$2,0)*Config!$B$2) | D3: =IF(C3>0,(1/C3-1)*100,"∞") | E3: =IF(AND(D2<>"∞",D3<>"∞",D3>0),(D2/D3-1)*100,"")
A4: 8 | B4: =1/(1+(1+Config!$B$3/100)^(Config!$B$5-A4)) | C4: =IF(Config!$B$2=0,B4,ROUND(B4/Config!$B$2,0)*Config!$B$2) | D4: =IF(C4>0,(1/C4-1)*100,"∞") | E4: =IF(AND(D3<>"∞",D4<>"∞",D4>0),(D3/D4-1)*100,"")
A5: 12 | B5: =1/(1+(1+Config!$B$3/100)^(Config!$B$5-A5)) | C5: =IF(Config!$B$2=0,B5,ROUND(B5/Config!$B$2,0)*Config!$B$2) | D5: =IF(C5>0,(1/C5-1)*100,"∞") | E5: =IF(AND(D4<>"∞",D5<>"∞",D5>0),(D4/D5-1)*100,"")
A6: 16 | B6: =1/(1+(1+Config!$B$3/100)^(Config!$B$5-A6)) | C6: =IF(Config!$B$2=0,B6,ROUND(B6/Config!$B$2,0)*Config!$B$2) | D6: =IF(C6>0,(1/C6-1)*100,"∞") | E6: =IF(AND(D5<>"∞",D6<>"∞",D6>0),(D5/D6-1)*100,"")
A7: 20 | B7: =1/(1+(1+Config!$B$3/100)^(Config!$B$5-A7)) | C7: =IF(Config!$B$2=0,B7,ROUND(B7/Config!$B$2,0)*Config!$B$2) | D7: =IF(C7>0,(1/C7-1)*100,"∞") | E7: =IF(AND(D6<>"∞",D7<>"∞",D7>0),(D6/D7-1)*100,"")
A8: 24 | B8: =1/(1+(1+Config!$B$3/100)^(Config!$B$5-A8)) | C8: =IF(Config!$B$2=0,B8,ROUND(B8/Config!$B$2,0)*Config!$B$2) | D8: =IF(C8>0,(1/C8-1)*100,"∞") | E8: =IF(AND(D7<>"∞",D8<>"∞",D8>0),(D7/D8-1)*100,"")
A9: 28 | B9: =1/(1+(1+Config!$B$3/100)^(Config!$B$5-A9)) | C9: =IF(Config!$B$2=0,B9,ROUND(B9/Config!$B$2,0)*Config!$B$2) | D9: =IF(C9>0,(1/C9-1)*100,"∞") | E9: =IF(AND(D8<>"∞",D9<>"∞",D9>0),(D8/D9-1)*100,"")
A10: 32 | B10: =1/(1+(1+Config!$B$3/100)^(Config!$B$5-A10)) | C10: =IF(Config!$B$2=0,B10,ROUND(B10/Config!$B$2,0)*Config!$B$2) | D10: =IF(C10>0,(1/C10-1)*100,"∞") | E10: =IF(AND(D9<>"∞",D10<>"∞",D10>0),(D9/D10-1)*100,"")
A11: 36 | B11: =1/(1+(1+Config!$B$3/100)^(Config!$B$5-A11)) | C11: =IF(Config!$B$2=0,B11,ROUND(B11/Config!$B$2,0)*Config!$B$2) | D11: =IF(C11>0,(1/C11-1)*100,"∞") | E11: =IF(AND(D10<>"∞",D11<>"∞",D11>0),(D10/D11-1)*100,"")
A12: 40 | B12: =1/(1+(1+Config!$B$3/100)^(Config!$B$5-A12)) | C12: =IF(Config!$B$2=0,B12,ROUND(B12/Config!$B$2,0)*Config!$B$2) | D12: =IF(C12>0,(1/C12-1)*100,"∞") | E12: =IF(AND(D11<>"∞",D12<>"∞",D12>0),(D11/D12-1)*100,"")
A13: 44 | B13: =1/(1+(1+Config!$B$3/100)^(Config!$B$5-A13)) | C13: =IF(Config!$B$2=0,B13,ROUND(B13/Config!$B$2,0)*Config!$B$2) | D13: =IF(C13>0,(1/C13-1)*100,"∞") | E13: =IF(AND(D12<>"∞",D13<>"∞",D13>0),(D12/D13-1)*100,"")
A14: 48 | B14: =1/(1+(1+Config!$B$3/100)^(Config!$B$5-A14)) | C14: =IF(Config!$B$2=0,B14,ROUND(B14/Config!$B$2,0)*Config!$B$2) | D14: =IF(C14>0,(1/C14-1)*100,"∞") | E14: =IF(AND(D13<>"∞",D14<>"∞",D14>0),(D13/D14-1)*100,"")
... A652: 2600 | B652: =1/(1+(1+Config!$B$3/100)^(Config!$B$5-A652)) | C652: =IF(Config!$B$2=0,B652,ROUND(B652/Config!$B$2,0)*Config!$B$2) | D652: =IF(C652>0,(1/C652-1)*100,"∞") | E652: =IF(AND(D651<>"∞",D652<>"∞",D652>0),(D651/D652-1)*100,"")

Sheet Level 2 (÷2)
A1: Tick | B1: Raw Price | C1: Rounded Price | D1: Implied Rate (%) | E1: Rate Step vs Prev (%)
A2: 0 | B2: =1/(1+(1+Config!$B$3/100)^(Config!$B$5-A2)) | C2: =IF(Config!$B$2=0,B2,ROUND(B2/Config!$B$2,0)*Config!$B$2) | D2: =IF(C2>0,(1/C2-1)*100,"∞")
A3: 2 | B3: =1/(1+(1+Config!$B$3/100)^(Config!$B$5-A3)) | C3: =IF(Config!$B$2=0,B3,ROUND(B3/Config!$B$2,0)*Config!$B$2) | D3: =IF(C3>0,(1/C3-1)*100,"∞") | E3: =IF(AND(D2<>"∞",D3<>"∞",D3>0),(D2/D3-1)*100,"")
A4: 4 | B4: =1/(1+(1+Config!$B$3/100)^(Config!$B$5-A4)) | C4: =IF(Config!$B$2=0,B4,ROUND(B4/Config!$B$2,0)*Config!$B$2) | D4: =IF(C4>0,(1/C4-1)*100,"∞") | E4: =IF(AND(D3<>"∞",D4<>"∞",D4>0),(D3/D4-1)*100,"")
A5: 6 | B5: =1/(1+(1+Config!$B$3/100)^(Config!$B$5-A5)) | C5: =IF(Config!$B$2=0,B5,ROUND(B5/Config!$B$2,0)*Config!$B$2) | D5: =IF(C5>0,(1/C5-1)*100,"∞") | E5: =IF(AND(D4<>"∞",D5<>"∞",D5>0),(D4/D5-1)*100,"")
A6: 8 | B6: =1/(1+(1+Config!$B$3/100)^(Config!$B$5-A6)) | C6: =IF(Config!$B$2=0,B6,ROUND(B6/Config!$B$2,0)*Config!$B$2) | D6: =IF(C6>0,(1/C6-1)*100,"∞") | E6: =IF(AND(D5<>"∞",D6<>"∞",D6>0),(D5/D6-1)*100,"")
A7: 10 | B7: =1/(1+(1+Config!$B$3/100)^(Config!$B$5-A7)) | C7: =IF(Config!$B$2=0,B7,ROUND(B7/Config!$B$2,0)*Config!$B$2) | D7: =IF(C7>0,(1/C7-1)*100,"∞") | E7: =IF(AND(D6<>"∞",D7<>"∞",D7>0),(D6/D7-1)*100,"")
A8: 12 | B8: =1/(1+(1+Config!$B$3/100)^(Config!$B$5-A8)) | C8: =IF(Config!$B$2=0,B8,ROUND(B8/Config!$B$2,0)*Config!$B$2) | D8: =IF(C8>0,(1/C8-1)*100,"∞") | E8: =IF(AND(D7<>"∞",D8<>"∞",D8>0),(D7/D8-1)*100,"")
A9: 14 | B9: =1/(1+(1+Config!$B$3/100)^(Config!$B$5-A9)) | C9: =IF(Config!$B$2=0,B9,ROUND(B9/Config!$B$2,0)*Config!$B$2) | D9: =IF(C9>0,(1/C9-1)*100,"∞") | E9: =IF(AND(D8<>"∞",D9<>"∞",D9>0),(D8/D9-1)*100,"")
A10: 16 | B10: =1/(1+(1+Config!$B$3/100)^(Config!$B$5-A10)) | C10: =IF(Config!$B$2=0,B10,ROUND(B10/Config!$B$2,0)*Config!$B$2) | D10: =IF(C10>0,(1/C10-1)*100,"∞") | E10: =IF(AND(D9<>"∞",D10<>"∞",D10>0),(D9/D10-1)*100,"")
A11: 18 | B11: =1/(1+(1+Config!$B$3/100)^(Config!$B$5-A11)) | C11: =IF(Config!$B$2=0,B11,ROUND(B11/Config!$B$2,0)*Config!$B$2) | D11: =IF(C11>0,(1/C11-1)*100,"∞") | E11: =IF(AND(D10<>"∞",D11<>"∞",D11>0),(D10/D11-1)*100,"")
A12: 20 | B12: =1/(1+(1+Config!$B$3/100)^(Config!$B$5-A12)) | C12: =IF(Config!$B$2=0,B12,ROUND(B12/Config!$B$2,0)*Config!$B$2) | D12: =IF(C12>0,(1/C12-1)*100,"∞") | E12: =IF(AND(D11<>"∞",D12<>"∞",D12>0),(D11/D12-1)*100,"")
A13: 22 | B13: =1/(1+(1+Config!$B$3/100)^(Config!$B$5-A13)) | C13: =IF(Config!$B$2=0,B13,ROUND(B13/Config!$B$2,0)*Config!$B$2) | D13: =IF(C13>0,(1/C13-1)*100,"∞") | E13: =IF(AND(D12<>"∞",D13<>"∞",D13>0),(D12/D13-1)*100,"")
A14: 24 | B14: =1/(1+(1+Config!$B$3/100)^(Config!$B$5-A14)) | C14: =IF(Config!$B$2=0,B14,ROUND(B14/Config!$B$2,0)*Config!$B$2) | D14: =IF(C14>0,(1/C14-1)*100,"∞") | E14: =IF(AND(D13<>"∞",D14<>"∞",D14>0),(D13/D14-1)*100,"")
... A1302: 2600 | B1302: =1/(1+(1+Config!$B$3/100)^(Config!$B$5-A1302)) | C1302: =IF(Config!$B$2=0,B1302,ROUND(B1302/Config!$B$2,0)*Config!$B$2) | D1302: =IF(C1302>0,(1/C1302-1)*100,"∞") | E1302: =IF(AND(D1301<>"∞",D1302<>"∞",D1302>0),(D1301/D1302-1)*100,"")

Sheet Level 3 (all)
A1: Tick | B1: Raw Price | C1: Rounded Price | D1: Implied Rate (%) | E1: Rate Step vs Prev (%)
A2: 0 | B2: =1/(1+(1+Config!$B$3/100)^(Config!$B$5-A2)) | C2: =IF(Config!$B$2=0,B2,ROUND(B2/Config!$B$2,0)*Config!$B$2) | D2: =IF(C2>0,(1/C2-1)*100,"∞")
A3: 1 | B3: =1/(1+(1+Config!$B$3/100)^(Config!$B$5-A3)) | C3: =IF(Config!$B$2=0,B3,ROUND(B3/Config!$B$2,0)*Config!$B$2) | D3: =IF(C3>0,(1/C3-1)*100,"∞") | E3: =IF(AND(D2<>"∞",D3<>"∞",D3>0),(D2/D3-1)*100,"")
A4: 2 | B4: =1/(1+(1+Config!$B$3/100)^(Config!$B$5-A4)) | C4: =IF(Config!$B$2=0,B4,ROUND(B4/Config!$B$2,0)*Config!$B$2) | D4: =IF(C4>0,(1/C4-1)*100,"∞") | E4: =IF(AND(D3<>"∞",D4<>"∞",D4>0),(D3/D4-1)*100,"")
A5: 3 | B5: =1/(1+(1+Config!$B$3/100)^(Config!$B$5-A5)) | C5: =IF(Config!$B$2=0,B5,ROUND(B5/Config!$B$2,0)*Config!$B$2) | D5: =IF(C5>0,(1/C5-1)*100,"∞") | E5: =IF(AND(D4<>"∞",D5<>"∞",D5>0),(D4/D5-1)*100,"")
A6: 4 | B6: =1/(1+(1+Config!$B$3/100)^(Config!$B$5-A6)) | C6: =IF(Config!$B$2=0,B6,ROUND(B6/Config!$B$2,0)*Config!$B$2) | D6: =IF(C6>0,(1/C6-1)*100,"∞") | E6: =IF(AND(D5<>"∞",D6<>"∞",D6>0),(D5/D6-1)*100,"")
A7: 5 | B7: =1/(1+(1+Config!$B$3/100)^(Config!$B$5-A7)) | C7: =IF(Config!$B$2=0,B7,ROUND(B7/Config!$B$2,0)*Config!$B$2) | D7: =IF(C7>0,(1/C7-1)*100,"∞") | E7: =IF(AND(D6<>"∞",D7<>"∞",D7>0),(D6/D7-1)*100,"")
A8: 6 | B8: =1/(1+(1+Config!$B$3/100)^(Config!$B$5-A8)) | C8: =IF(Config!$B$2=0,B8,ROUND(B8/Config!$B$2,0)*Config!$B$2) | D8: =IF(C8>0,(1/C8-1)*100,"∞") | E8: =IF(AND(D7<>"∞",D8<>"∞",D8>0),(D7/D8-1)*100,"")
A9: 7 | B9: =1/(1+(1+Config!$B$3/100)^(Config!$B$5-A9)) | C9: =IF(Config!$B$2=0,B9,ROUND(B9/Config!$B$2,0)*Config!$B$2) | D9: =IF(C9>0,(1/C9-1)*100,"∞") | E9: =IF(AND(D8<>"∞",D9<>"∞",D9>0),(D8/D9-1)*100,"")
A10: 8 | B10: =1/(1+(1+Config!$B$3/100)^(Config!$B$5-A10)) | C10: =IF(Config!$B$2=0,B10,ROUND(B10/Config!$B$2,0)*Config!$B$2) | D10: =IF(C10>0,(1/C10-1)*100,"∞") | E10: =IF(AND(D9<>"∞",D10<>"∞",D10>0),(D9/D10-1)*100,"")
A11: 9 | B11: =1/(1+(1+Config!$B$3/100)^(Config!$B$5-A11)) | C11: =IF(Config!$B$2=0,B11,ROUND(B11/Config!$B$2,0)*Config!$B$2) | D11: =IF(C11>0,(1/C11-1)*100,"∞") | E11: =IF(AND(D10<>"∞",D11<>"∞",D11>0),(D10/D11-1)*100,"")
A12: 10 | B12: =1/(1+(1+Config!$B$3/100)^(Config!$B$5-A12)) | C12: =IF(Config!$B$2=0,B12,ROUND(B12/Config!$B$2,0)*Config!$B$2) | D12: =IF(C12>0,(1/C12-1)*100,"∞") | E12: =IF(AND(D11<>"∞",D12<>"∞",D12>0),(D11/D12-1)*100,"")
A13: 11 | B13: =1/(1+(1+Config!$B$3/100)^(Config!$B$5-A13)) | C13: =IF(Config!$B$2=0,B13,ROUND(B13/Config!$B$2,0)*Config!$B$2) | D13: =IF(C13>0,(1/C13-1)*100,"∞") | E13: =IF(AND(D12<>"∞",D13<>"∞",D13>0),(D12/D13-1)*100,"")
A14: 12 | B14: =1/(1+(1+Config!$B$3/100)^(Config!$B$5-A14)) | C14: =IF(Config!$B$2=0,B14,ROUND(B14/Config!$B$2,0)*Config!$B$2) | D14: =IF(C14>0,(1/C14-1)*100,"∞") | E14: =IF(AND(D13<>"∞",D14<>"∞",D14>0),(D13/D14-1)*100,"")
... A2602: 2600 | B2602: =1/(1+(1+Config!$B$3/100)^(Config!$B$5-A2602)) | C2602: =IF(Config!$B$2=0,B2602,ROUND(B2602/Config!$B$2,0)*Config!$B$2) | D2602: =IF(C2602>0,(1/C2602-1)*100,"∞") | E2602: =IF(AND(D2601<>"∞",D2602<>"∞",D2602>0),(D2601/D2602-1)*100,"")
